pilar,dimension,nota_2026_09_03,liston,uno,tres,cinco,arcos,instrumento,notas
quark,API/query,4,"ent (tipado), bun (expresividad)",CRUD por struct y SQL en crudo para todo lo demás; sin builder componible.,"Builder componible para lo común (filtros, joins, orden, paginación); CTE, window, set ops o locking sólo por RawQuery, o devuelven filas sin tipar.","Cualquier SQL del banco de 60 consultas (CTE recursiva, window, set ops, lateral, JSON path, locking) se expresa tipado sin RawQuery; Raw[T] y Select[T] a DTO.",A4,quark/internal/enginesuite/querybench_cases_test.go; quark/docs/query-bench.md,"TestQueryBench asserta el veredicto registrado (typed, wrong-sql, no-api); el 5 es 60 de 60 typed. 44 de 60 al medirlo (A4 S0, 2026-09-11); 58 de 60 al pin de 1.39.0, con 2 wrong-sql."
quark,migraciones,3,"Atlas/ent, Alembic","Auto-migrate aditivo y nada más: sin ledger, sin versiones, sin plan.","Diff de esquema real a plan y migraciones versionadas, pero sin down generado, sin lock ni transacción por defecto, o sin ficheros .sql.","Diff declarativo reversible con down generado, lock y tx por defecto, ficheros .sql embebidos, dry-run con plan hash, 6 motores en CI.",A1 A8,quark/internal/enterprisebench; quark/docs/enterprise-bench.md; quark/internal/enginesuite,"Familia migraciones del banco de A8 (16 controles, sobre SQLite); los motores reales, en SharedSuite de enginesuite, que corre cada lane de motor de quark/.github/workflows/ci.yml."
quark,tipos,3,"ent, SQLAlchemy 2","Escalares de Go; todo lo demás, a mano por la aplicación.","Nullable, JSON, duración, binarios y tamaño/precisión nativos; decimal, uuid, enum y arrays sólo vía mapeadores propios o viajando como JSON.","decimal, uuid nativo, enum con CHECK, arrays PG nativos, rangos, inet, JSONB con operadores; matriz de tipos por motor publicada y testeada.",A4 A8,quark/internal/enterprisebench; quark/internal/enginesuite,"Familia tipos del banco de A8 (11 controles) y NativeTypes y ModelTypesAndChecks de SharedSuite en los motores reales. Que la matriz por motor esté publicada, juicio leyendo el sitio."
quark,rendimiento,3,sqlc/pgx directo,Sin banco: el coste por operación no se conoce.,Banco propio sobre SQLite en memoria frente a otros ORM; ninguna medida sobre un motor real ni frente a pgx; sin caché de sentencias ni COPY.,"Dentro del 15 % de pgx directo en el benchmark público (insert, select por PK, list 100, preload); prepared cache, COPY, binders generados para UPDATE y batch.",A12,quark/benchmarks; quark/website/docs/reference/benchmarks.mdx,"Al pin de 1.39.0 sólo existe el banco de SQLite en memoria (QK-38). El de PostgreSQL y MySQL (quark/benchmarks/engines, quark#431, A12 Q1) entra con el siguiente pin y R1 lo pone en esta columna. La base del 15 % es la decisión 1 de A12: frente a database/sql+pgx en todo, frente a pgx nativo sólo en las de una fila, con el runner como máquina de referencia."
quark,multi-tenant,4,Hibernate multitenancy,El tenant es un filtro que la aplicación repite en cada consulta.,Router de tenants por base o esquema; sin RLS del motor ni verificación de políticas.,"RLS nativa en PG, SQL Server y Oracle VPD detrás del mismo API; verificador de políticas en los tres; tenant en caché, réplicas y sharding.",A8,quark/internal/enterprisebench; quark/internal/enginesuite,Familia rls del banco de A8 (13 controles). A8 midió que la RLS nativa sólo existe en PostgreSQL: el «en los tres» del 5 se juzga contra eso.
quark,observabilidad,4,EF Core + OTel,Logs sueltos; sin trazas ni métricas.,"Logger de consultas y slow log; trazas o métricas OTel parciales, sin redacción por defecto ni detector de N+1.","Trazas, métricas, slow log con EXPLAIN opcional, N+1 detector en producción con muestreo, exemplars.",A8,quark/internal/enterprisebench; juicio,"OPS-10, OPS-11 y OPS-12 de la familia operacion (spans con redacción, slow log, N+1 en lecturas estrictas). EXPLAIN opcional, muestreo y exemplars no los mide ningún control: juicio."
quark,testing,4,enttest + testcontainers,Tests del propio repo; ningún kit para la aplicación.,Kit de test sólo sobre SQLite; los motores reales sólo en el CI del repo.,"quarktest para los 6 motores (testcontainers opt-in), fixtures/factories, tx por test, snapshot de esquema.",A8,quark/quarktest; quark/internal/enginesuite; quark/acceptance,"quarktest es lo que usa la aplicación; enginesuite y el arnés de aceptación (seis motores, gate por manifiesto de API) son lo que prueba quark. Fixtures, factories y snapshot de esquema, juicio leyendo quarktest."
quark,docs/DX,2,Prisma,La documentación no corresponde al código y los errores no dicen qué hacer.,Referencia honesta con guards contra la deriva y un quickstart que funciona; sin guía por caso de uso ni receta en los errores.,"Una guía por caso de uso, playground de consultas en el sitio, mensajes de error con receta en el 100 % de los Err*, cero deriva (guards).",A2 A8,quark/scripts/lint-docs.sh; quark/scripts/ci/check_internal_docs_drift.sh; juicio,"Los guards de doc de quark (lint-docs, docs-drift, product-voice, versioned-markers) miden la deriva. La guía por caso de uso, el playground y la proporción de Err* con receta no los cuenta nadie: juicio."
quark,ecosistema,2,GORM (plugins),Sin contrato de extensión: nadie fuera del repo puede añadir un driver o una integración.,"Puntos de extensión de hecho (dialectos, hooks, observadores) e integraciones documentadas; sin contrato congelado ni kit de conformidad para un driver de fuera.","Contrato de plugin publicado, 5 integraciones oficiales (chi, echo, nucleus, gin, grpc), plantilla de driver externo con kit de conformidad.",A11,juicio,"El banco de extensión de quark (quark/internal/extbench, quark#422, A11 S0, 22 controles) no está al pin de 1.39.0; R1 lo pone en esta columna cuando el pin lo contenga."
nucleus,Routing/HTTP,3,Echo + Goa,Mux sin parámetros ni grupos; cada handler parsea a mano.,"Router con parámetros, grupos, recursos y montaje de módulos; sin binding tipado de query y cabeceras, negociación por Accept, versionado ni SSE viable con la pila por defecto.","Binding tipado de query/path/header, negociación por Accept, versionado declarativo, SSE/WS de primera clase, timeouts por ruta.",A7 A10,nucleus/internal/apibench; nucleus/internal/jobsbench,"Familia http del banco de A10 (12 controles) y realtime del de A7 (8 controles, SSE y WebSocket). El versionado declarativo, juicio si ningún control lo nombra."
nucleus,Datos,3,Django ORM + migrations,database/sql suelto; migraciones sin ledger.,"Migraciones con ledger, checksum y deriva; CRUD por reflexión sin relaciones ni builder; dos capas de datos sin frontera escrita.",Quark es la capa de datos por defecto; migraciones autogeneradas desde modelos con lock y drift; pkg/model retirado a sustrato.,A4,scripts/check_tag_grammar.sh; nucleus/docs/pkg-model-vs-quark.md; juicio,"A4 bendijo quark como capa de datos y el guard de la gramática del tag db vigila que las dos capas no se contradigan en silencio (NU-50). Quark por defecto en el starter, y lock y deriva de migraciones desde modelos, juicio ejecutando el starter y el CLI."
nucleus,Auth/Authz,2,"Laravel Fortify/Sanctum, Spring Security","Contraseña y sesión; la autorización, a mano en cada handler.","Base sólida (bcrypt, JWT, sesiones, cadena de backends, default-deny) con OIDC o API keys y lockout; sin MFA ni reset completos.","OIDC, SAML, API keys con scopes, MFA TOTP/WebAuthn, magic link, reset, lockout, sesiones por dispositivo, permisos por objeto; todo con conformidad y postura medida.",A5,nucleus/internal/authbench; nucleus/contracts/baseline/asvs_l2.txt,Banco de A5 (43 controles) y matriz ASVS 4.0.3 L2 (25 requisitos); umbrella-auth-posture vigila que la página publique lo medido. SAML lo construye A11.
nucleus,Jobs/Eventos,3,"Sidekiq/Oban, Solid Queue",Goroutines sin durabilidad ni reintentos.,"Cola completa (DLQ, reintentos, métricas) que exige Redis; proveedor en memoria que degrada en silencio; varios buses de eventos sin puente.","Cola SQL durable sin Redis, reintentos con backoff, DLQ, cron, un solo bus de eventos tipado con relay, dashboard en Orbit.",A7,nucleus/internal/jobsbench; nucleus/docs/jobs-bench.md,"Banco de A7 (40 controles) y la prueba de durabilidad de 10 000 jobs en la lane de nucleus. El escalado de la cola SQL con los workers (NU-87, A12 N2, nucleus#592) entra con el siguiente pin: lo mide el auditor de rendimiento."
nucleus,Observabilidad,4,Spring Actuator,Logs de texto; sin métricas ni health.,Logs estructurados con redacción y un /healthz agregado; trazas o métricas sin http.route ni control de cardinalidad.,"/livez, /readyz, /metrics con cardinalidad controlada, trazas con http.route, perfiles pprof protegidos, health por dependencia.",A7,nucleus/internal/jobsbench; juicio,"La familia ops del banco de A7 mide /livez y /readyz separados. Cardinalidad de /metrics, http.route en las trazas y pprof protegido no los mide ningún banco: juicio."
nucleus,Seguridad,4,Django + OWASP ASVS L2,"Sin cabeceras, CSRF ni límites por defecto.","Defaults seguros (CSRF, cabeceras, CORS cerrado, topes de cuerpo, default-deny) con fugas puntuales y sin postura medida.","ASVS L2 verificado automáticamente (postura medida), rate limit por identidad y tenant, secretos con rotación, firma de cookies con keyring.",A5,nucleus/contracts/baseline/security_posture.txt; nucleus/contracts/baseline/asvs_l2.txt; nucleus/scripts/ci/check_contract_freeze.sh,"La postura de seguridad congelada y la matriz ASVS L2 son medidas que el freeze de contratos compara. Rate limit por tenant, rotación de secretos y keyring de cookies, juicio leyendo código."
nucleus,Testing,3,"Rails testing, Encore",httptest de la stdlib y nada más.,"Servidor in-process, base temporal y tokens de test; sin factories, cliente de alto nivel ni transacción por test.","Cliente de test con JSON/cookies/CSRF, factories, tx por test, fakes capturadores (mail, storage, tasks, http), contract tests de módulos.",A10,nucleus/internal/apibench; nucleus/pkg/nucleustest,Familia testkit del banco de A10 (15 controles) sobre el kit de pkg/nucleustest; umbrella-api-posture vigila la cifra publicada.
nucleus,Docs/DX,3,"Django docs, Laravel",La documentación es de otra versión y el primer endpoint no arranca siguiendo la página.,Sitio versionado y quickstart honesto; páginas de entrada con afirmaciones retiradas y unos diez conceptos hasta el primer endpoint.,"≤5 conceptos hasta el primer endpoint, starter de suite, tutoriales por caso de uso ejecutados en CI, referencia generada, cero deriva.",A2 A11,scripts/check_quickstart_cost.sh; scripts/ci/tutorials_smoke.sh; nucleus/scripts/website/check-coverage.sh,"El coste del quickstart y los tutoriales ejecutados son medidas del paraguas; la deriva la miden los guards de doc de nucleus (coverage, bodycheck, docs-drift, retired-claims)."
nucleus,CLI/generadores,3,"Rails generators, Buffalo dev","Sin CLI, o comandos que no hacen lo que dicen.",Muchos comandos y un generador de módulos sólido; routes y migrate ciegos a lo que el binario monta; sin recarga ni completions.,"Generadores que montan, testean y documentan; nucleus dev con recarga; routes y migrate que ven el binario real; completions.",A2 A4,nucleus/contracts/baseline/cli_primary_commands.txt; scripts/ci/quickstart_smoke.sh; juicio,"El baseline congela qué comandos existen y quickstart-smoke genera y arranca el starter. Que routes y migrate vean el binario, la recarga de dev y las completions, juicio ejecutándolos."
nucleus,Ecosistema/plugins,2,"Spring starters, Laravel packages",Sin puntos de extensión.,"Registros in-process y módulos hermanos oficiales con un catálogo instalable; sin plugin de ejemplo ejecutable ni módulos oficiales de producto (OIDC, colas, pagos).","Catálogo de nucleus add, 10 módulos oficiales (oidc, apikeys, accounts, sql-queue, redis-cache, websockets, stripe, sentry, s3 ya, ldap ya), plugin ejecutable de ejemplo.",A11,nucleus/contracts/baseline/extension_surface.txt; juicio,"El banco del catálogo (nucleus/internal/catalogbench, nucleus#587, A11 S0, 38 controles) no está al pin de 1.39.0; R1 lo pone en esta columna cuando el pin lo contenga."
orbit,Data Studio,2.5,"Filament, Directus",Listado y edición de tablas sin validar lo que se escribe.,"CRUD con validación del modelo, filtros con operadores y orden en servidor; sin relaciones (FK, M2M, inlines) ni historial por registro.","Validación por campo, FK lookup/autocomplete, M2M, inlines, 25 tipos de campo, filtros con operadores, orden servidor, vistas guardadas, historial por registro, acciones custom, import/export en cola.",A6,orbit/internal/adminbench; orbit/docs/admin-bench.md,Familia data-studio del banco de A6 (17 controles); umbrella-admin-posture vigila la página.
orbit,RBAC/permisos,2,Django Admin + Directus,Un único superusuario.,Permisos por modelo y acción y operadores gestionados desde el panel; sin permisos por campo o fila ni deny visible.,"Usuarios y roles desde el panel, permisos por modelo/campo/fila con UI, deny visible, impersonación auditada.",A6,orbit/internal/adminbench,"Familia permissions del banco de A6 (9 controles). La impersonación auditada, juicio si ningún control la nombra."
orbit,Telemetría/live feed,3.5,Grafana + Laravel Telescope,Sin feed: sólo los logs del proceso.,"Feed HTTP/SQL en vivo por bus y WebSocket; sin agrupación por request, retención ni correlación con trazas.","Feed con filtros, agrupación por request, retención configurable, correlación con trazas, SQL explain desde el feed, sin autocontaminación.",A6,orbit/internal/adminbench; juicio,"El feed, su WebSocket y el pulso del runtime son controles de la familia operations del banco de A6. Retención configurable, EXPLAIN desde el feed y autocontaminación, juicio."
orbit,Audit,1.5,Django LogEntry + Payload versions,Ningún rastro de quién cambió qué.,Audit persistente de las mutaciones de datos con antes y después; superficies de gestión y login sin rastro; sin export ni retención.,"Audit persistente con retención y export, cobertura del 100 % de mutaciones incluido login, valores antes/después, diff por registro.",A6,orbit/internal/adminbench,Familia audit del banco de A6 (7 controles).
orbit,Fleet,2.5,"Kubernetes Dashboard, Grafana",Servidor y agente que sólo funcionan en claro y en un nodo.,"TLS y mTLS reales y el fleet sobre el contrato datasource; sin retención, alertas ni varios servidores con estado compartido.","TLS/mTLS reales, fleet sobre el contrato datasource, retención, alertas simples, métricas propias, multi-servidor con estado compartido.",A9,orbit/internal/fleettest/fleetbench; orbit/docs/fleet-bench.md,Banco de A9 (50 controles) con su mitad de navegador y el clúster de tres agentes detrás de dos servidores; umbrella-fleet-posture vigila la página.
orbit,Personalización/extensibilidad,1.5,"Filament, React-Admin",Sólo el título del panel.,"Branding y dashboards declarados en Go, acciones y páginas propias; sin código de cliente de la aplicación, renderers de campo ni i18n.","Branding (logo, paleta, favicon) desde config, widgets y dashboards declarados en Go, acciones y páginas custom, hooks de UI, i18n es/en.",A6 A11,orbit/internal/adminbench,"Familia customization del banco de A6 (7 controles). La familia extension que añade A11 (orbit#531, 13 controles) no está al pin de 1.39.0; R1 la cuenta cuando lo esté."
orbit,UI/UX/a11y,2,React-Admin,"Interfaz sin semántica accesible, con contraste insuficiente y flujos que dicen éxito sin hacerlo.","Interfaz coherente, errores honestos y rutas perezosas; la accesibilidad sin verificar con herramienta ni en CI.","WCAG 2.1 AA verificado con axe en CI, estado en la URL, atajos, tema oscuro completo, bundle con lazy routes, una sola SPA.",A6 A9,orbit/internal/adminbench/browser; orbit/internal/fleettest/fleetbench,"El instrumento de navegador de A6 (axe, foco, teclado) y su proyecto fleet de A9, exigidos en el CI de orbit con ORBIT_BENCH_BROWSER=required. El peso del bundle y la compresión (OR-61, A12 O1) los mide el auditor de rendimiento."
orbit,Seguridad,3,Django Admin,"Panel sin hash de contraseñas adecuado, lockout ni CSRF.","bcrypt, lockout, CSRF y CSP estricta, con alguna fuga de configuración o un plano sin cifrar.","Sin fugas en snapshot, CSP con host, lockout compartido en Redis, sesiones por dispositivo, 2FA para operadores.",A1 A6,orbit/internal/adminbench; orbit/contracts/baseline; juicio,"Sesiones por dispositivo y su revocación son controles de la familia operations; la superficie congelada está en el baseline de contratos. Lockout compartido en Redis y 2FA de operadores, juicio leyendo código."
orbit,Testing,3.5,React-Admin,Pocos tests Go y ninguno de la interfaz.,Tests Go verdes con -race y gate por motor; la SPA sin tests ni lint.,"Cobertura de SPA con Vitest y Playwright e2e en CI, services/stream/datastudio con tests, e2e TLS del fleet.",A6,orbit/.github/workflows/ci.yml; orbit/internal/adminbench/browser; orbit/internal/fleettest,"Las lanes de Vitest, del navegador y de internal/fleettest se leen en el CI de orbit. La cobertura de la SPA no la publica nadie: juicio."
orbit,Docs/DX,2.5,Filament docs,La documentación anuncia lo que no existe.,"README y referencia de configuración honestos, con guards de versión; montaje en varios pasos y sin guía por feature.","Montaje en un comando, ejemplo que arranca en CI, guía por feature, cero claims falsos (guard).",A6,orbit/scripts/ci/check_docs_version_claims.sh; juicio,"Los guards de doc de orbit (version-claims, versioned-markers, docs-archive, product-voice) miden la deriva. El «ejemplo que arranca en CI» lo sustituye el banco de A6, que monta el módulo en una aplicación real (sin examples/ hasta 5/5). Montaje en un comando y guía por feature, juicio."
suite,Embudo de entrada,3,Rails/Laravel starters,Montar la suite exige leer los tres repos.,"Quickstart real y verificado a mano, sin starter: más de diez comandos y ficheros escritos a mano.","nucleus new --with orbit,quark genera el quickstart; primer endpoint en 5 minutos y 5 conceptos; medido en CI.",A2,scripts/check_quickstart_cost.sh; scripts/ci/quickstart_smoke.sh,"umbrella-quickstart-cost vigila el techo de comandos y conceptos; la lane quickstart-smoke genera el starter y lo arranca. Los cinco minutos, juicio con reloj y caché fría."
suite,Sitio / docs,3,Django docs,"Documentación dispersa por repo, sin búsqueda ni versiones.","Sitio unificado, versionado y con búsqueda, con enlaces que resuelven; sin tutoriales por caso de uso ni guías de migración, y con afirmaciones retiradas servidas.","Tutoriales por caso de uso ejecutados, «Why Quantum», guías de migración desde Gin/GORM/Django, referencia API generada, búsqueda, versionado, cero deriva.",A11,tests/sitebench/sitebench.sh; scripts/ci/tutorials_smoke.sh; scripts/check_built_links.sh; scripts/check_retired_claims.sh,"El banco del sitio de A11 (12 controles) mide Why Quantum, tutoriales, guías de migración, referencia y catálogo; los guards del HTML servido miden la deriva."
suite,Tren / releases,3,Spring Boot release train,"Cortes a mano, sin manifiesto.","Tren scriptado y vigilado, con paradas humanas y unas dos horas por set.","Set en menos de 30 minutos sin paradas humanas salvo la prosa, align_set en los tres repos, anuncio al consumidor con PR verificado.",A3,scripts/train/train.sh; scripts/manifest-guard.sh; tests/train-dry-run,El driver cronometra cada fase y archiva el reloj de cada corte (train.sh --reloj; reloj-vX.Y.Z.tsv en el git-common-dir): los 30 minutos y las paradas humanas se leen ahí. quantum-app no frena nada (scripts/train/README.md): su estado no decide la nota.
suite,Gobernanza / seguridad de cadena,2,"Spring, Encore",Sin política de seguridad ni dependencias vigiladas.,"govulncheck, Dependabot y SECURITY en los cuatro repos, con firma o SBOM parciales; sin política de soporte ni Scorecard medido.","SBOM, cosign keyless, provenance SLSA 3, Dependabot, política de soporte/LTS, deprecation policy de suite, OpenSSF Scorecard ≥ 8.",A3,scripts/check_supply_chain.sh; scripts/check_release_assets.sh; scripts/check_deprecations.sh; .github/workflows/scorecard.yml,"Firma, SBOM y procedencia: supply-chain mira la configuración y release-assets lo publicado. Scorecard lo publica el workflow de cada repo (7,0 · 6,9 · 6,0 al cerrar A3; el 5 pide 8)."
suite,Coherencia entre pilares,2,—,Cada repo cuenta su propia historia.,"Guards de afirmaciones retiradas y de versiones en el paraguas, con contradicciones puntuales vivas entre README, RUMBO y las docs servidas.",Cero contradicciones entre repos: guards de claims retirados y de versiones en los cuatro; una fuente para cifras (generadas).,A3,scripts/check_retired_claims.sh; scripts/check_rumbo_estado.sh; scripts/guard-of-guards.sh,"Los guards de coherencia (retired-claims del paraguas y de nucleus, version-claims de los productos, rumbo-estado, manifest-guard) y guard-of-guards, que prueba que siguen mordiendo. «Una fuente para cifras», juicio."
suite,Ecosistema / comunidad,1,(fuera del objetivo),"Sin estrellas, forks, integraciones de terceros ni Discussions.","Adoptantes externos con caso publicado, contribuciones de fuera y Discussions activas.","Fuera del objetivo por decisión del propietario: se hace lo que sale del resto del plan (catálogo, plantillas, Discussions) y no se mide como 5.",—,juicio,"Se lee con gh api (estrellas, forks, Discussions, autores de los commits). El gate de A12 la excluye."
suite,Posicionamiento,3,"Encore, Supabase",La suite no dice para qué sirve ni cuándo no usarla.,"«Cuándo NO usar la suite» y la topología, honestos; sin «Why Quantum», casos de uso ni benchmarks públicos.",Página «Why Quantum» con comparativa honesta y cifras verificables; casos de uso; benchmarks públicos de los tres pilares.,A11,tests/sitebench/sitebench.sh; scripts/check_why_quantum.sh; quark/website/docs/reference/benchmarks.mdx; juicio,"El banco del sitio mide la página Why Quantum y umbrella-why-quantum (A11 W1) ata cada una de sus cifras a su fuente al pin. Los benchmarks públicos de los tres pilares, el auditor de rendimiento; la comparativa honesta y los casos de uso, juicio."
